Author,Community,Paper_Count,Is_Isolated
CCAMLR,-1,39,True
ASOC,-1,9,True
Argentina,0,4,False
Chile,0,5,False
Netherlands,0,3,False
Belgium,0,4,False
IUCN,-1,3,True
United Kingdom,1,8,False
United States,0,4,False
Australia,1,9,False
IAATO,-1,1,True
France,0,3,False
Germany,0,2,False
New Zealand,1,9,False
Russian Federation,0,2,False
